序号,代码,名称,最新价,涨跌幅,涨跌额,成交量,成交额,振幅,最高,最低,今开,昨收,量比,换手率,市盈率-动态,市净率
1,300561,*ST汇科,13.86,6.04,0.79,143089.0,192724078.93,11.32,14.22,12.74,12.93,13.07,1.41,5.94,2245.25,7.58
2,300205,*ST天喻,6.22,5.25,0.31,88801.0,54429887.15,5.75,6.25,5.91,5.95,5.91,1.3,2.06,-16.12,2.72
3,600136,ST明诚,2.03,5.18,0.1,76167.0,15461901.0,0.0,2.03,2.03,2.03,1.93,0.19,0.39,-482.47,17.42
4,000608,*ST阳光,4.34,5.08,0.21,344904.0,148149198.52,5.08,4.34,4.13,4.15,4.13,1.29,4.63,-14.92,1.57
5,000669,ST金鸿,5.2,5.05,0.25,392921.0,198273864.2,7.88,5.2,4.81,5.0,4.95,0.8,5.77,-57.4,-318.72
6,002569,*ST步森,13.97,5.04,0.67,22189.0,30087187.0,6.77,13.97,13.07,13.32,13.3,0.55,1.59,-266.36,69.73
7,001270,*ST铖昌,106.22,5.0,5.06,90392.0,939591265.2,6.29,106.22,99.86,103.35,101.16,1.47,4.44,181.72,14.87
8,603843,*ST正平,9.28,4.98,0.44,285189.0,257932424.0,6.9,9.28,8.67,8.67,8.84,0.8,4.08,-48.81,23.21
9,000908,ST景峰,7.4,4.96,0.35,510479.0,362967647.92,9.93,7.4,6.7,7.0,7.05,2.12,5.8,-219.13,174.55
10,600107,ST尔雅,6.36,4.95,0.3,51891.0,32692632.0,3.96,6.36,6.12,6.14,6.06,0.83,1.44,-48.12,5.02
11,002199,*ST东晶,8.06,4.95,0.38,54154.0,42968657.59,4.95,8.06,7.68,7.95,7.68,2.07,2.22,-37.61,10.29
12,603429,*ST集友,8.91,4.95,0.42,125429.0,111354180.0,5.89,8.91,8.41,8.91,8.49,1.21,2.39,-256.7,3.69
13,002620,ST瑞和,8.28,4.94,0.39,16817.0,13924683.0,0.0,8.28,8.28,8.28,7.89,0.14,0.53,-41.66,-141.87
14,002808,*ST恒久,4.5,4.9,0.21,19795.0,8793209.0,5.36,4.5,4.27,4.3,4.29,0.45,1.2,-36.8,4.64
15,002058,*ST威尔,21.84,4.85,1.01,27667.0,60214184.0,3.65,21.87,21.11,21.5,20.83,2.23,1.93,12.03,78.3
16,002630,ST华西,2.24,4.67,0.1,1079238.0,237364219.21,6.54,2.25,2.11,2.14,2.14,2.32,10.48,53.14,10.96
17,002214,*ST大立,19.15,4.59,0.84,73084.0,138930448.62,4.75,19.23,18.36,18.99,18.31,2.27,1.53,-69.71,8.12
18,000909,ST数源,5.93,4.59,0.26,83210.0,49213384.7,3.7,5.95,5.74,5.9,5.67,2.88,1.9,-28.86,2.61
19,002693,*ST双成,8.22,3.92,0.31,168608.0,138450617.04,5.18,8.31,7.9,7.9,7.91,1.17,4.1,-1013.11,8.72
20,002528,ST英飞拓,3.65,3.69,0.13,444031.0,160662798.8,5.11,3.7,3.52,3.7,3.52,1.93,4.23,-44.26,43.24
21,002512,ST达华,4.12,3.52,0.14,1291998.0,534165002.1,4.52,4.18,4.0,4.06,3.98,1.53,11.8,-33.52,11.8
22,002789,*ST建艺,12.76,3.4,0.42,48285.0,60505559.0,5.43,12.79,12.12,12.42,12.34,1.15,3.09,-4.46,-1.77
23,603822,ST嘉澳,94.05,3.13,2.85,11119.0,103604085.0,4.78,95.46,91.1,93.0,91.2,0.94,1.45,-213.64,16.17
24,600753,*ST海钦,12.17,2.87,0.34,34129.0,41170708.0,4.82,12.28,11.71,11.71,11.83,0.89,1.48,81.87,126.04
25,603007,*ST花王,6.88,2.84,0.19,237481.0,162230415.0,4.78,6.95,6.63,6.66,6.69,1.17,3.42,-26.69,21.09
26,603828,ST柯利达,6.46,2.7,0.17,66083.0,42499814.0,4.45,6.6,6.32,6.47,6.29,0.73,1.11,-29.21,5.98
27,300301,ST长方,3.59,2.57,0.09,219842.0,78379625.0,6.29,3.67,3.45,3.47,3.5,0.93,2.78,-25.76,18.11
28,600358,ST联合,6.11,2.35,0.14,146849.0,89915713.0,4.02,6.25,6.01,6.15,5.97,1.84,2.91,-82.25,56.97
29,600777,*ST新潮,5.69,2.34,0.13,577279.0,330066643.0,2.52,5.8,5.66,5.66,5.56,0.79,0.91,21.81,1.64
30,002211,ST宏达,3.73,2.19,0.08,105822.0,39082241.2,4.11,3.76,3.61,3.63,3.65,1.41,2.45,-113.56,118.89
31,300152,ST新动力,2.47,2.07,0.05,442895.0,109961996.5,6.2,2.56,2.41,2.42,2.42,1.52,6.22,-182.59,7.48
32,603389,*ST亚振,41.8,1.95,0.8,13997.0,58464071.0,6.71,42.98,40.23,41.26,41.0,1.06,0.53,-262.23,46.95
33,000595,*ST宝实,6.44,1.9,0.12,230525.0,149071179.8,3.64,6.6,6.37,6.42,6.32,1.79,2.02,46.67,14.41
34,002656,*ST摩登,3.01,1.69,0.05,145922.0,43970979.0,4.05,3.07,2.95,2.97,2.96,0.9,2.16,-46.49,5.05
35,002742,*ST三圣,4.47,1.59,0.07,35475.0,15724039.0,2.27,4.49,4.39,4.41,4.4,0.91,0.68,-12.9,-3.18
36,300555,ST路通,12.8,1.59,0.2,30284.0,38779996.0,5.32,13.09,12.42,12.48,12.6,1.49,1.53,-52.94,5.39
37,300097,ST智云,8.42,1.57,0.13,89719.0,75094962.08,3.62,8.5,8.2,8.2,8.29,1.26,3.32,-16.33,6.4
38,300165,ST天瑞,5.31,1.53,0.08,111264.0,59239289.0,3.06,5.37,5.21,5.21,5.23,1.11,2.65,-1620.34,2.06
39,002713,*ST东易,11.24,1.35,0.15,235724.0,262529333.84,4.69,11.4,10.88,11.22,11.09,0.93,4.48,-137.66,-4.05
40,600228,*ST返利,5.33,1.33,0.07,47942.0,25726627.0,4.75,5.51,5.26,5.27,5.26,0.98,1.15,-37.2,5.37
41,002848,*ST高斯,13.59,1.19,0.16,42562.0,58228466.0,4.77,13.87,13.23,13.43,13.43,0.97,2.58,-40.54,19.68
42,603261,*ST立航,32.3,1.1,0.35,6560.0,21185056.0,3.76,32.78,31.58,32.75,31.95,1.06,0.85,-42.28,3.73
43,002253,*ST智胜,11.47,1.06,0.12,52201.0,60097479.5,3.0,11.69,11.35,11.52,11.35,0.78,2.51,-30.04,2.43
44,002731,ST萃华,7.37,0.82,0.06,205855.0,153681964.7,6.29,7.67,7.21,7.21,7.31,0.91,8.96,8.14,1.01
45,000609,ST中迪,9.24,0.76,0.07,95587.0,87864058.0,3.38,9.35,9.04,9.2,9.17,0.95,3.28,-13.7,-324.68
46,002496,*ST辉丰,1.87,0.54,0.01,269787.0,50649316.23,3.76,1.91,1.84,1.86,1.86,0.82,2.43,-655.13,2.13
47,002076,*ST星光,2.07,0.49,0.01,226952.0,46926110.5,2.91,2.11,2.05,2.07,2.06,0.9,2.18,537.67,7.29
48,002485,ST雪发,4.89,0.41,0.02,62228.0,30379555.0,4.31,5.0,4.79,4.83,4.87,0.8,1.14,-43.65,2.26
49,002872,ST天圣,5.13,0.39,0.02,38576.0,19749448.0,1.76,5.17,5.08,5.11,5.11,1.04,1.79,-26.99,0.83
50,000691,*ST亚太,8.25,0.36,0.03,63117.0,52050645.0,2.43,8.36,8.16,8.25,8.22,1.12,1.95,-78.68,-25.93
51,000668,*ST荣控,13.96,0.29,0.04,13168.0,18412219.96,2.44,14.11,13.77,13.92,13.92,0.77,0.9,-56.1,2.9
52,603813,*ST原尚,29.23,0.27,0.08,7387.0,21376976.0,3.91,29.5,28.36,29.0,29.15,0.98,0.7,-56.79,5.63
53,000698,ST沈化,3.88,0.26,0.01,74816.0,29215439.0,2.84,3.96,3.85,3.88,3.87,0.81,0.95,26.83,2.15
54,688053,ST思科瑞,36.3,0.22,0.08,9000.0,32886206.0,4.5,37.29,35.66,36.69,36.22,0.8,0.9,-186.85,2.25
55,603869,ST智知,9.34,0.11,0.01,8597.0,8047206.0,1.82,9.47,9.3,9.33,9.33,1.0,0.17,93.65,1.23
56,600130,*ST波导,4.3,0.0,0.0,170200.0,74046191.0,2.79,4.42,4.3,4.3,4.3,0.83,2.27,688.16,3.36
57,000656,*ST金科,1.32,0.0,0.0,464769.0,61330522.03,1.52,1.33,1.31,1.32,1.32,0.64,0.61,-0.98,-0.38
58,603517,ST绝味,11.42,-0.26,-0.03,37960.0,43509863.0,2.53,11.63,11.34,11.44,11.45,0.82,0.63,18.52,1.08
59,300343,ST联创,6.22,-0.32,-0.02,122119.0,76618215.71,2.88,6.37,6.19,6.28,6.24,0.81,1.15,302.87,3.45
60,600608,*ST沪科,3.08,-0.32,-0.01,42316.0,12879690.0,5.83,3.15,2.97,3.09,3.09,0.59,1.33,715.33,26.05
61,300175,ST朗源,6.02,-0.33,-0.02,35742.0,21785833.0,2.98,6.18,6.0,6.1,6.04,0.7,0.76,-277.82,5.49
62,300125,*ST聆达,8.42,-0.36,-0.03,33053.0,27889020.0,2.6,8.59,8.37,8.56,8.45,0.61,0.92,-32.87,-3.39
63,600265,ST景谷,20.29,-0.44,-0.09,1436.0,2926843.0,2.21,20.65,20.2,20.28,20.38,0.19,0.11,-9.28,303.12
64,300173,ST福能,4.42,-0.45,-0.02,124986.0,55816959.94,3.15,4.54,4.4,4.45,4.44,0.95,1.7,-122.3,3.36
65,002650,ST加加,6.59,-0.45,-0.03,51247.0,33479498.24,2.27,6.62,6.47,6.59,6.62,0.78,0.46,-303.37,4.1
66,600636,*ST国化,7.81,-0.51,-0.04,41946.0,32679040.0,1.78,7.86,7.72,7.83,7.85,0.67,0.96,74.68,1.66
67,000972,*ST中基,3.72,-0.53,-0.02,54846.0,20490689.0,2.41,3.79,3.7,3.75,3.74,0.6,0.71,-14.93,-16.73
68,300716,ST泉为,14.71,-0.54,-0.08,49426.0,72739023.5,2.97,14.91,14.47,14.88,14.79,0.71,3.09,-30.02,-2239.1
69,002689,ST远智,3.63,-0.55,-0.02,98916.0,35997544.5,2.74,3.69,3.59,3.65,3.65,0.86,0.95,67.92,3.1
70,603580,*ST艾艾,17.01,-0.58,-0.1,15005.0,25751563.0,4.21,17.6,16.88,17.0,17.11,0.72,1.15,125.36,5.28
71,000004,*ST国华,5.08,-0.59,-0.03,51374.0,26375853.0,4.31,5.25,5.03,5.1,5.11,0.47,4.07,-18.62,18.2
72,600079,ST人福,18.33,-0.6,-0.11,70165.0,129346259.0,1.3,18.56,18.32,18.48,18.44,0.52,0.45,13.29,1.58
73,000736,*ST中地,4.85,-0.61,-0.03,70864.0,34504269.88,3.07,4.95,4.8,4.85,4.88,0.94,0.95,-1.64,2.9
74,002592,ST八菱,9.58,-0.62,-0.06,36808.0,35293892.8,3.84,9.8,9.43,9.62,9.64,1.0,1.4,21.79,2.77
75,002647,*ST仁东,9.56,-0.62,-0.06,101179.0,97076618.6,3.12,9.77,9.47,9.7,9.62,0.74,1.0,30.05,19.24
76,600365,ST通葡,3.13,-0.63,-0.02,52603.0,16477235.0,1.9,3.16,3.1,3.14,3.15,0.76,1.23,-21.94,5.39
77,300159,*ST新研,3.0,-0.66,-0.02,123256.0,37054316.0,1.99,3.04,2.98,3.0,3.02,0.59,0.67,-30.69,-8.87
78,000518,*ST四环,2.91,-0.68,-0.02,78329.0,22875332.3,2.39,2.96,2.89,2.93,2.93,0.5,0.76,-176.97,8.35
79,688184,ST帕瓦,9.81,-0.71,-0.07,7122.0,7034080.0,4.15,10.08,9.67,9.94,9.88,1.34,0.71,-2.24,1.44
80,600193,*ST创兴,4.2,-0.71,-0.03,108885.0,45896760.0,5.44,4.35,4.12,4.13,4.23,1.12,2.56,-173.5,20.06
81,603721,*ST天择,19.25,-0.72,-0.14,8034.0,15572908.0,2.01,19.58,19.19,19.57,19.39,0.74,0.62,-167.5,5.44
82,002024,ST易购,1.32,-0.75,-0.01,320852.0,42611209.84,3.01,1.35,1.31,1.32,1.33,0.67,0.35,125.08,0.97
83,002762,*ST金比,6.77,-0.88,-0.06,14054.0,9592662.0,1.9,6.88,6.75,6.83,6.83,0.62,0.66,-22.76,3.11
84,000820,*ST节能,3.33,-0.89,-0.03,36645.0,12175808.0,2.08,3.38,3.31,3.37,3.36,0.78,1.23,-192.9,14.46
85,600243,*ST海华,3.15,-0.94,-0.03,69068.0,22188813.0,5.97,3.32,3.13,3.2,3.18,0.94,1.57,-162.15,2.18
86,000430,ST张家界,7.27,-0.95,-0.07,20554.0,15016801.0,1.36,7.35,7.25,7.31,7.34,0.52,0.55,-197.11,10.99
87,002305,*ST南置,2.07,-0.96,-0.02,98336.0,20427517.0,1.91,2.1,2.06,2.08,2.09,0.52,0.57,-2.06,-1.17
88,200488,ST晨鸣B,0.87,-1.14,-0.01,5306.0,460057.0,2.27,0.88,0.86,0.87,0.88,0.18,0.08,-0.29,0.73
89,300311,ST任子行,5.12,-1.16,-0.06,82061.0,42154138.0,2.51,5.22,5.09,5.18,5.18,0.57,1.53,-33.6,5.83
90,300147,ST香雪,9.26,-1.17,-0.11,36582.0,34102763.0,2.56,9.45,9.21,9.37,9.37,0.53,0.56,-12.69,8.84
91,603838,*ST四通,8.36,-1.18,-0.1,7127.0,6022156.0,3.9,8.64,8.31,8.31,8.46,0.48,0.22,-55.83,2.86
92,000903,ST云动,2.48,-1.2,-0.03,221111.0,55575200.0,3.59,2.56,2.47,2.51,2.51,0.71,1.15,-11.55,3.61
93,688646,ST逸飞,47.1,-1.2,-0.57,5114.0,24413829.0,3.57,48.59,46.89,47.1,47.67,0.55,0.88,-88.97,2.93
94,000504,*ST生物,9.8,-1.21,-0.12,17698.0,17498530.0,2.62,10.05,9.79,9.95,9.92,0.56,0.54,463.59,13.35
95,002822,ST中装,3.17,-1.25,-0.04,80483.0,25827047.71,3.43,3.27,3.16,3.21,3.21,0.94,0.75,-9.17,2.2
96,600169,ST太重,2.36,-1.26,-0.03,139852.0,33203672.0,1.67,2.4,2.36,2.38,2.39,0.59,0.42,69.65,1.55
97,300052,ST中青宝,12.94,-1.3,-0.17,66883.0,87085288.3,2.67,13.23,12.88,13.05,13.11,0.93,2.55,-93.13,8.96
98,002306,*ST云网,2.18,-1.36,-0.03,87129.0,19013490.0,1.81,2.21,2.17,2.18,2.21,0.69,1.07,-70.55,-49.73
99,002868,*ST绿康,37.44,-1.4,-0.53,6066.0,22827982.0,3.58,38.44,37.08,38.44,37.97,0.53,0.57,-41.78,92.1
100,002055,ST得润,5.54,-1.42,-0.08,156303.0,87496351.0,2.85,5.68,5.52,5.61,5.62,0.66,2.63,34.63,2.34
101,688511,*ST天微,26.86,-1.43,-0.39,7852.0,21057395.0,3.93,27.48,26.41,27.48,27.25,0.48,0.76,80.92,3.26
102,300198,ST纳川,2.7,-1.46,-0.04,109608.0,29831385.65,2.92,2.77,2.69,2.73,2.74,0.54,1.07,-19.28,150.53
103,300167,ST迪威迅,6.06,-1.46,-0.09,79912.0,49143551.0,3.41,6.25,6.04,6.16,6.15,0.85,2.23,-251.17,82.11
104,600360,*ST华微,8.67,-1.48,-0.13,71643.0,62669038.0,2.39,8.85,8.64,8.78,8.8,0.56,0.75,41.8,2.43
105,300225,*ST金泰,5.31,-1.48,-0.08,64880.0,34886892.0,3.9,5.49,5.28,5.42,5.39,0.73,1.37,107.56,2.92
106,003004,*ST声迅,30.81,-1.5,-0.47,6994.0,21889892.0,4.7,32.18,30.71,31.6,31.28,0.99,1.02,-498.43,3.93
107,300326,ST凯利,5.81,-1.53,-0.09,41111.0,24104147.0,2.37,5.93,5.79,5.9,5.9,0.57,0.58,43.85,1.49
108,300419,ST浩丰,7.36,-1.6,-0.12,42174.0,31251646.0,2.54,7.52,7.33,7.49,7.48,0.49,1.15,-132.65,6.27
109,603377,ST东时,3.64,-1.62,-0.06,55605.0,20346370.0,2.16,3.71,3.63,3.68,3.7,0.64,0.78,-18.96,3.21
110,300020,ST银江,4.19,-1.64,-0.07,90971.0,38357263.0,3.52,4.31,4.16,4.26,4.26,0.7,1.19,-4.59,1.24
111,600892,*ST大晟,3.57,-1.65,-0.06,47828.0,17209418.0,3.03,3.65,3.54,3.64,3.63,0.72,0.86,-21.76,264.4
112,300237,ST美晨,2.35,-1.67,-0.04,173456.0,40911369.06,2.09,2.39,2.34,2.37,2.39,0.67,1.2,-13.65,-19.41
113,002200,*ST交投,7.63,-1.68,-0.13,40261.0,30857818.23,1.8,7.76,7.62,7.76,7.76,1.49,2.06,-37.39,-13.03
114,300460,ST惠伦,8.73,-1.69,-0.15,40787.0,35854005.0,2.59,8.93,8.7,8.93,8.88,0.54,1.45,-24.15,4.39
115,603825,ST华扬,8.61,-1.71,-0.15,19672.0,17063827.0,3.2,8.85,8.57,8.75,8.76,0.83,0.78,-6.12,13.27
116,002122,ST汇洲,2.8,-1.75,-0.05,188596.0,53433813.2,2.81,2.87,2.79,2.84,2.85,0.86,0.95,74.74,2.57
117,300527,ST应急,8.0,-1.84,-0.15,84076.0,67528126.76,2.09,8.13,7.96,8.13,8.15,0.67,0.83,760.76,2.79
118,300096,ST易联众,7.99,-1.84,-0.15,44400.0,36113872.0,4.18,8.29,7.95,8.11,8.14,0.56,1.03,67.91,9.8
119,000615,*ST美谷,3.17,-1.86,-0.06,39465.0,12657485.0,2.48,3.25,3.17,3.23,3.23,0.59,0.43,-34.31,-9.55
120,300477,ST合纵,2.62,-1.87,-0.05,241485.0,63765803.04,3.75,2.69,2.59,2.66,2.67,0.79,2.44,-15.58,2.85
121,002581,ST未名,7.32,-1.88,-0.14,49801.0,36795298.0,3.35,7.54,7.29,7.46,7.46,1.18,1.24,-52.64,2.58
122,000793,*ST华闻,2.61,-1.88,-0.05,132722.0,34899517.0,2.26,2.66,2.6,2.65,2.66,0.85,0.68,-38.58,45.51
123,603559,ST通脉,6.72,-1.9,-0.13,19252.0,13138014.0,3.94,6.98,6.71,6.85,6.85,0.75,0.48,-31.15,2.83
124,300472,*ST新元,8.05,-1.95,-0.16,49382.0,40274331.0,2.8,8.27,8.04,8.21,8.21,0.7,1.86,-20.34,-40.27
125,600421,*ST华嵘,7.02,-1.96,-0.14,22655.0,16177609.0,4.05,7.29,7.0,7.21,7.16,0.68,1.16,-483.63,222.75
126,300091,*ST金灵,2.97,-1.98,-0.06,107731.0,32185277.0,2.64,3.04,2.96,3.03,3.03,0.7,0.66,-23.6,10.67
127,603557,ST起步,3.95,-1.99,-0.08,123110.0,48472464.0,3.97,4.04,3.88,3.99,4.03,0.64,1.97,-22.57,31.44
128,300313,*ST天山,7.37,-1.99,-0.15,11511.0,8544653.0,2.66,7.55,7.35,7.55,7.52,0.41,0.58,-113.29,67.07
129,300029,*ST天龙,4.89,-2.0,-0.1,30377.0,14999827.0,4.21,5.04,4.83,4.99,4.99,0.88,1.52,-50.18,-55.68
130,300268,*ST佳沃,13.46,-2.04,-0.28,11840.0,16133986.0,2.62,13.81,13.45,13.69,13.74,0.85,0.89,-5.49,-2.29
131,002816,*ST和科,21.08,-2.04,-0.44,20600.0,43914923.0,3.02,21.7,21.05,21.51,21.52,0.71,2.06,234.78,9.11
132,003032,*ST传智,6.22,-2.05,-0.13,31076.0,19606418.0,2.99,6.4,6.21,6.3,6.35,0.6,1.13,-220.53,2.0
133,000697,ST炼石,9.28,-2.11,-0.2,62914.0,58970807.0,3.9,9.59,9.22,9.5,9.48,0.56,0.96,-25.01,3.87
134,603595,ST东尼,15.27,-2.12,-0.33,19573.0,30209281.0,2.69,15.66,15.24,15.6,15.6,0.75,0.84,-182.27,2.3
135,300211,*ST亿通,7.98,-2.21,-0.18,27438.0,22036652.0,2.82,8.15,7.92,8.11,8.16,0.75,0.92,-97.53,5.23
136,002898,*ST赛隆,11.42,-2.23,-0.26,5966.0,6893819.0,2.74,11.71,11.39,11.68,11.68,0.61,0.59,-37.31,4.36
137,300366,ST创意,5.64,-2.25,-0.13,79567.0,45854117.6,3.81,5.86,5.64,5.78,5.77,0.76,1.5,-12.91,2.09
138,002586,ST围海,4.68,-2.3,-0.11,53463.0,25224188.0,3.34,4.83,4.67,4.79,4.79,0.54,0.49,107.03,1.8
139,605199,ST葫芦娃,6.23,-2.35,-0.15,20847.0,13144672.0,3.61,6.44,6.21,6.39,6.38,0.84,0.52,-166.71,3.62
140,002717,ST岭南,1.64,-2.38,-0.04,314378.0,52055355.0,2.38,1.67,1.63,1.67,1.68,0.78,1.95,-10.86,3.48
141,600525,ST长园,5.28,-2.4,-0.13,161176.0,87366367.0,5.73,5.56,5.25,5.41,5.41,1.1,1.22,-15.93,1.85
142,603021,ST华鹏,7.2,-2.44,-0.18,112760.0,81615638.0,3.39,7.41,7.16,7.35,7.38,0.91,3.52,-17.99,-56.26
143,688076,ST诺泰,28.45,-2.5,-0.73,22881.0,66358302.0,4.9,29.78,28.35,29.18,29.18,0.9,0.72,27.5,3.02
144,000929,*ST兰黄,9.3,-2.52,-0.24,26825.0,25375332.0,3.98,9.68,9.3,9.58,9.54,0.71,1.44,118.56,3.7
145,002424,ST百灵,4.73,-2.67,-0.13,113255.0,54047540.0,4.12,4.89,4.69,4.86,4.86,0.73,0.93,87.27,2.03
146,300506,ST名家汇,4.65,-2.72,-0.13,46167.0,21791905.0,3.97,4.82,4.63,4.76,4.78,0.74,0.63,-43.82,-190.06
147,002005,ST德豪,2.81,-2.77,-0.08,100392.0,28465820.0,4.15,2.91,2.79,2.89,2.89,0.8,0.57,40.97,13.34
148,300044,ST赛为,7.63,-2.8,-0.22,236314.0,182236070.51,4.71,7.91,7.54,7.79,7.85,0.76,3.3,-81.42,81.04
149,300899,*ST凯鑫,38.0,-2.81,-1.1,6156.0,23730294.0,4.45,39.59,37.85,39.5,39.1,0.64,1.5,58.74,3.64
150,600165,ST宁科,3.41,-2.85,-0.1,45030.0,15503722.0,3.7,3.52,3.39,3.5,3.51,0.72,0.61,-16.47,-13.03
151,600381,*ST春天,2.96,-2.95,-0.09,132657.0,39188882.0,6.56,3.1,2.9,2.9,3.05,2.73,2.26,-460.24,1.69
152,002289,*ST宇顺,25.32,-2.95,-0.77,12368.0,31767233.38,2.95,26.08,25.31,26.0,26.09,0.82,0.44,-449.39,32.43
153,600624,ST复华,4.49,-3.02,-0.14,32768.0,15026870.0,4.1,4.68,4.49,4.62,4.63,0.63,0.48,-126.98,4.9
154,002529,*ST海源,6.98,-3.06,-0.22,33600.0,23777863.0,3.61,7.22,6.96,7.2,7.2,0.89,1.29,-15.06,9.39
155,603398,*ST沐邦,11.06,-3.07,-0.35,84656.0,94296109.0,4.56,11.49,10.97,11.46,11.41,0.56,1.95,-10.11,7.46
156,600568,ST中珠,2.75,-3.17,-0.09,130965.0,36585932.0,4.23,2.87,2.75,2.84,2.84,0.74,0.78,-121.66,3.19
157,000488,ST晨鸣,2.75,-3.17,-0.09,331499.0,91694139.0,3.17,2.82,2.73,2.82,2.84,0.57,1.97,-1.01,2.53
158,002168,*ST惠程,3.94,-3.19,-0.13,113494.0,45323933.6,5.16,4.11,3.9,4.1,4.07,1.17,1.45,-53.62,136.33
159,603789,*ST星农,5.72,-3.21,-0.19,30027.0,17379456.0,4.23,5.96,5.71,5.85,5.91,0.37,1.15,-17.35,8.95
160,300338,ST开元,3.7,-3.65,-0.14,114308.0,42532996.0,4.43,3.83,3.66,3.75,3.84,1.92,3.27,-17.6,-38.52
161,000821,ST京机,12.2,-3.71,-0.47,202931.0,252098821.29,4.81,12.79,12.18,12.76,12.67,0.75,3.36,20.01,1.77
162,600289,ST信通,7.66,-3.77,-0.3,74425.0,57877254.0,5.28,8.05,7.63,7.95,7.96,1.01,1.32,-26.49,4.32
163,600238,*ST椰岛,5.17,-3.9,-0.21,105514.0,55806023.0,5.76,5.47,5.16,5.38,5.38,2.01,2.37,-252.63,22.83
164,300462,ST华铭,12.66,-4.09,-0.54,45188.0,58398222.0,4.92,13.29,12.64,13.02,13.2,0.81,3.27,-451.13,1.6
165,300093,*ST金刚,17.29,-4.32,-0.78,36603.0,64339736.75,5.37,18.2,17.23,18.11,18.07,0.76,1.31,-17.47,-3.13
166,000752,ST西发,10.35,-4.61,-0.5,60645.0,63441064.0,3.32,10.69,10.33,10.61,10.85,1.93,2.3,14.13,4.44
167,000638,*ST万方,1.41,-4.73,-0.07,24731.0,3487071.0,0.0,1.41,1.41,1.41,1.48,0.18,0.8,-38.32,3.15
168,600355,*ST精伦,0.79,-4.82,-0.04,117125.0,9252875.0,0.0,0.79,0.79,0.79,0.83,0.33,2.38,-10.75,3.69
169,000711,ST京蓝,4.02,-4.96,-0.21,138921.0,55846242.0,0.0,4.02,4.02,4.02,4.23,0.08,0.59,-83.86,19.82
170,603268,*ST松发,114.62,-5.0,-6.03,44637.0,522105176.0,6.53,122.5,114.62,120.1,120.65,0.84,1.91,41.92,11.77
171,605081,*ST太和,7.41,-5.0,-0.39,74501.0,55745634.0,3.59,7.69,7.41,7.41,7.8,3.13,6.58,-7.63,0.94
172,688287,*ST观典,3.58,-5.04,-0.19,62246.0,22650509.0,5.57,3.76,3.55,3.76,3.77,1.49,1.68,-6.2,2.12
173,002047,*ST宝鹰,5.06,-5.07,-0.27,429302.0,220130304.28,6.19,5.39,5.06,5.36,5.33,1.77,2.83,-170.51,-240.53
174,301288,*ST清研,16.8,-5.14,-0.91,11813.0,20052627.0,9.03,17.85,16.25,17.71,17.71,1.76,1.51,-262.97,2.28
175,600696,*ST岩石,1.65,-5.17,-0.09,65100.0,10944616.0,5.17,1.74,1.65,1.71,1.74,0.7,1.95,-3.7,1.92
176,600735,ST新华锦,,,,,,,,,,6.73,,0.0,131.64,2.37
177,600599,*ST熊猫,,,,,,,,,,6.18,,0.0,56.74,8.85
178,300344,*ST立方,,,,,,,,,,1.87,,0.0,-14.47,5.31
179,002231,*ST奥维,,,,,,,,,,0.6,,0.0,-0.83,2.54
