,代码,简称,今日涨跌幅（%）,今日换手率（%）,主力资金流量（万元）
0,300308,中际旭创,-3.57,2.85,-164557.52
1,601138,工业富联,-2.83,0.85,-139999.84
2,300394,天孚通信,-4.93,4.88,-111842.03
3,600487,亨通光电,-5.6,6.55,-77973.5
4,300476,胜宏科技,-3.0,3.84,-74359.15
5,300502,新易盛,-4.48,4.99,-72440.73
6,600584,长电科技,-4.34,6.01,-51201.05
7,600183,生益科技,-4.81,2.35,-43787.75
8,2281,光迅科技,-2.22,8.28,-41756.49
9,688313,仕佳光子,-6.28,7.33,-34723.0
10,300757,罗博特科,-6.56,7.83,-31909.0
11,600703,三安光电,-3.48,5.27,-31454.46
12,2436,兴森科技,-5.34,9.82,-31226.98
13,600498,烽火通信,-1.44,9.76,-29310.42
14,300548,长芯博创,-5.4,8.28,-26290.9
15,603083,剑桥科技,-3.06,11.23,-24908.55
16,2156,通富微电,-2.46,5.66,-24021.66
17,601231,环旭电子,-2.74,2.78,-23672.5
18,21,深科技,-3.83,8.1,-23231.73
19,300456,赛微电子,-4.78,7.19,-22281.32
20,600105,永鼎股份,-1.45,5.79,-22049.45
21,2429,兆驰股份,-8.4,5.69,-22010.93
22,2185,华天科技,-1.78,5.41,-21549.05
23,300620,光库科技,-6.82,6.91,-21546.06
24,988,华工科技,3.33,13.5,-19916.06
25,688498,源杰科技,-5.24,4.42,-17663.47
26,301486,致尚科技,-2.89,8.7,-16816.32
27,688205,德科立,-5.96,6.82,-16205.42
28,603228,景旺电子,-6.13,3.75,-16157.98
29,2179,中航光电,-2.47,1.38,-15983.25
30,601869,长飞光纤,-0.61,3.37,-15285.75
31,2600,领益智造,-2.21,1.38,-15154.82
32,300570,太辰光,-5.42,10.38,-14691.29
33,2049,紫光国微,-1.78,2.09,-13809.35
34,300814,中富电路,-5.83,6.55,-13470.22
35,688048,长光华芯,-0.32,6.66,-13255.4
36,603738,泰晶科技,-5.57,11.68,-13229.68
37,688183,生益电子,-3.05,1.47,-12161.47
38,301205,联特科技,6.78,29.09,-11560.12
39,688025,杰普特,-4.32,6.79,-10996.14
40,301183,东田微,-6.29,8.22,-10917.99
41,300102,乾照光电,-1.39,5.99,-10778.71
42,603920,世运电路,-3.81,4.46,-9905.43
43,300739,明阳电路,-0.86,11.44,-9636.02
44,70,特发信息,-3.46,12.28,-9281.37
45,301338,凯格精机,-5.7,8.39,-9096.06
46,300812,易天股份,-7.89,24.34,-8570.12
47,688102,斯瑞新材,-4.77,2.33,-8397.13
48,688167,炬光科技,-1.86,6.95,-8339.67
49,688195,腾景科技,-4.81,5.46,-7690.79
50,600522,中天科技,-0.66,4.55,-7542.57
51,300303,聚飞光电,-5.55,23.56,-6941.22
52,603011,合锻智能,-4.14,9.36,-6924.2
53,2938,鹏鼎控股,-5.32,1.27,-6819.03
54,688516,奥特维,-1.0,3.16,-6770.85
55,300131,英唐智控,-2.45,4.58,-6631.26
56,2792,通宇通讯,-2.03,8.7,-6545.59
57,300857,协创数据,2.09,3.46,-6303.14
58,300252,金信诺,-4.19,6.07,-6243.33
59,300408,三环集团,-3.26,1.67,-5769.4
60,688518,联赢激光,-4.79,5.74,-5732.73
61,603960,克来机电,-4.73,7.86,-5364.58
62,818,航锦科技,2.31,16.24,-5285.88
63,300684,中石科技,-2.62,5.47,-5178.2
64,600601,方正科技,-1.78,2.28,-4993.34
65,938,紫光股份,0.54,2.06,-4965.97
66,2957,科瑞技术,-6.44,7.95,-4706.02
67,301511,德福科技,-5.58,8.63,-4530.94
68,603936,博敏电子,-2.69,7.15,-4522.83
69,603773,沃格光电,-4.48,7.4,-4269.62
70,600103,青山纸业,-2.41,3.19,-4197.07
71,688807,优迅股份,-6.21,18.65,-4051.75
72,688170,德龙激光,-5.43,10.56,-3695.94
73,605358,立昂微,-0.64,2.31,-3218.77
74,3031,中瓷电子,-5.5,4.14,-3124.42
75,301165,锐捷网络,-2.78,1.13,-3021.45
76,301029,怡合达,-2.87,2.85,-2884.57
77,301095,广立微,-5.99,5.4,-2796.52
78,2025,航天电器,-2.0,2.86,-2650.58
79,688143,长盈通,-7.3,7.08,-2617.61
80,300447,全信股份,-2.9,7.9,-2330.82
81,300852,四会富仕,-2.81,5.02,-2279.87
82,2396,星网锐捷,-2.02,4.47,-2271.72
83,2579,中京电子,-3.07,5.82,-2217.5
84,2897,意华股份,-0.36,11.72,-2214.9
85,603052,可川科技,-1.19,3.77,-2085.18
86,823,超声电子,-2.37,4.65,-1954.9
87,300913,兆龙互连,-4.28,4.15,-1712.11
88,301123,奕东电子,-1.64,3.61,-1595.3
89,301312,智立方,-3.3,14.08,-1592.22
90,2815,崇达技术,-2.05,5.81,-1513.74
91,603267,鸿远电子,-4.07,5.01,-1427.82
92,301517,陕西华达,-2.29,3.82,-1250.04
93,688379,华光新材,-7.19,5.6,-1206.37
94,603306,华懋科技,-1.52,5.39,-1190.85
95,301419,阿莱德,-2.27,5.48,-951.39
96,62,深圳华强,0.17,0.86,-889.74
97,300310,宜通世纪,0.62,4.72,-797.21
98,688685,迈信林,-3.13,2.53,-781.07
99,603328,依顿电子,-2.53,2.72,-722.19
100,600171,上海贝岭,-0.07,1.56,-634.14
101,301628,强达电路,-2.61,9.94,-617.62
102,688609,九联科技,-0.7,1.48,-550.99
103,2906,华阳集团,-3.2,2.2,-415.84
104,688371,菲沃泰,-0.98,0.67,-376.65
105,2902,铭普光磁,-3.2,6.74,-321.53
106,300287,飞利信,0.83,2.23,-291.48
107,688400,凌云光,-2.64,2.55,-226.1
108,300460,ST惠伦,0.1,1.58,-215.31
109,300571,平治信息,8.85,11.09,-169.28
110,603031,安孚科技,-1.19,3.23,-153.59
111,1389,广合科技,-1.11,5.91,-48.37
112,3028,振邦智能,-1.7,1.92,-41.48
113,301128,强瑞技术,-0.19,3.96,-11.54
114,688662,富信科技,-5.48,9.55,68.28
115,688226,威腾电气,-0.24,3.7,144.96
116,605058,澳弘电子,-1.85,1.92,175.7
117,2184,海得控制,0.08,2.17,180.93
118,2980,华盛昌,3.49,23.33,240.68
119,603203,快克智能,-1.6,1.59,262.62
120,603803,瑞斯康达,-2.06,2.33,279.84
121,688381,帝奥微,-1.04,1.42,304.45
122,688655,迅捷兴,-6.13,10.68,356.59
123,688097,博众精工,1.3,2.75,377.7
124,301282,金禄电子,-1.1,5.18,395.91
125,301172,君逸数码,1.28,4.91,404.12
126,2515,金字火腿,1.04,2.7,408.17
127,300351,永贵电器,-1.89,10.57,511.58
128,300964,本川智能,-2.74,5.46,542.48
129,301251,威尔高,-5.11,13.36,595.6
130,2796,世嘉科技,0.0,10.64,752.42
131,301085,亚康股份,2.93,20.08,1107.27
132,688388,嘉元科技,-8.98,9.42,1160.85
133,688519,南亚新材,-0.64,2.03,1186.04
134,2475,立讯精密,-1.69,1.34,1831.26
135,688328,深科达,6.42,13.55,1886.35
136,688536,思瑞浦,-0.85,2.84,1933.25
137,300657,弘信电子,2.11,8.59,2354.85
138,688099,晶晨股份,-2.77,2.54,2875.49
139,300903,科翔股份,-3.52,14.99,5766.65
140,636,风华高科,-3.12,7.18,7516.79
141,688629,华丰科技,-4.6,13.89,7558.34
142,1267,汇绿生态,5.97,13.0,8388.82
143,603220,中贝通信,6.85,21.12,14102.8
144,2384,东山精密,2.92,6.52,20809.38
145,1309,德明利,3.28,11.49,45419.99
