序号,分析师名称,分析师单位,年度指数,2026年收益率,3个月收益率,6个月收益率,12个月收益率,成分股个数,2026最新个股评级-股票名称,2026最新个股评级-股票代码,分析师ID,行业代码,行业,更新日期,年度
1,张慧,申万宏源,2215.44,90.42,91.92,102.51,126.14,1,招商轮船,601872,11000446238,,,2026-03-27,2026
2,郑浩洋,中信证券,1297.57,58.86,56.17,29.76,29.76,1,荣昌生物,688331,11000507335,,,2026-03-27,2026
3,滕明滔,中航证券,2324.99,52.85,35.2,186.56,132.5,0,臻镭科技,688270,11000445536,,,2026-03-27,2026
4,韩东,广发证券,2272.95,52.56,53.18,49.05,27.84,0,东阳光,600673,11000279133,730000,通信,2026-03-27,2026
5,周儒飞,方正证券,1755.54,52.12,52.41,57.33,80.26,3,中远海控,601919,11000412839,420000,交通运输,2026-03-27,2026
6,刘强,太平洋,11234.91,48.1,44.3,57.95,106.1,2,璞泰来,603659,11000200926,630000,电力设备,2026-03-27,2026
7,黄腾飞,西南证券,2448.43,43.09,43.98,90.69,120.18,0,西部矿业,601168,11000444542,240000,有色金属,2026-03-27,2026
8,王卓亚,中航证券,1818.3,42.91,40.63,52.91,81.83,4,四方股份,601126,11000454931,,,2026-03-27,2026
9,方晨,上海证券,1734.04,41.7,38.5,40.64,75.99,2,联瑞新材,688300,11000327334,610000,建筑材料,2026-03-27,2026
10,刘晓宁,华源证券,1993.02,41.07,41.07,41.07,56.27,2,菲利华,300395,11000176582,410000,公用事业,2026-03-27,2026
11,张力月,广发证券,1312.77,41.05,38.23,40.88,40.88,2,宇通客车,600066,11000395433,280000,汽车,2026-03-27,2026
12,陈子坤,广发证券,9044.74,40.61,36.64,37.6,116.46,1,南网科技,688248,11000196752,630000,电力设备,2026-03-27,2026
13,刘宇飞,中信证券,2417.37,39.84,29.21,141.74,141.74,1,大中矿业,001203,11000487867,,,2026-03-27,2026
14,华鹏伟,中信证券,3272.4,39.76,35.74,44.55,75.97,1,奥特维,688516,11000254132,630000,电力设备,2026-03-27,2026
15,张建业,国海证券,2999.2,39.72,50.36,88.39,199.92,1,东方钽业,000962,11000348231,,,2026-03-27,2026
16,丁士涛,国联民生,3906.95,35.53,36.19,70.42,143.74,1,盐湖股份,000792,11000178766,240000,有色金属,2026-03-27,2026
17,刘淞,太平洋,2009.85,34.7,29.34,100.98,100.98,1,思源电气,002028,11000442431,,,2026-03-27,2026
18,蒋颖,开源证券,2771.66,34.53,33.86,43.73,162.79,13,光环新网,300383,11000300437,730000,通信,2026-03-27,2026
19,马佳伟,民生证券,2183.41,33.97,31.9,48.6,96.82,6,中际旭创,300308,11000384735,,,2026-03-27,2026
20,杨义韬,国盛证券有限责任公司,2319.5,32.24,30.32,17.14,61.76,0,道氏技术,300409,11000353732,220000,基础化工,2026-03-27,2026
21,莫文娟,东兴证券,1421.8,28.36,31.15,36.34,33.74,2,中国海油,600938,11000440441,750000,石油石化,2026-03-27,2026
22,刘牧野,中航证券,5101.98,28.05,25.56,55.07,130.2,0,普冉股份,688766,11000398333,270000,电子,2026-03-27,2026
23,何欣怡,中金公司,1382.0,27.25,28.86,38.2,38.2,1,蓝特光学,688127,11000450732,,,2026-03-27,2026
24,杜先康,国海证券,1954.71,26.71,26.0,41.69,95.47,8,华海清科,688120,11000393338,,,2026-03-27,2026
25,李璐毅,中原证券,2540.15,25.96,28.63,49.17,184.26,6,新易盛,300502,11000443534,,,2026-03-27,2026
26,肖勇,长江证券,1129.31,25.43,24.24,30.37,33.09,7,中国神华,601088,11000230620,740000,煤炭,2026-03-27,2026
27,许文荣,中信证券,1196.76,25.27,20.29,19.68,19.68,2,德业股份,605117,11000521431,,,2026-03-27,2026
28,李帅华,中邮证券,3569.33,25.27,25.34,53.08,115.84,7,中国瑞林,603257,11000219167,240000,有色金属,2026-03-27,2026
29,石玉琦,中金公司,1284.18,25.03,23.7,26.1,28.69,4,正泰电源,002150,11000415537,630000,电力设备,2026-03-27,2026
30,孙思源,中国银河,2645.23,24.11,25.59,46.38,88.24,0,芭田股份,002170,11000371037,220000,基础化工,2026-03-27,2026
31,王钦扬,国金证券,1798.95,23.74,23.61,38.11,85.65,1,金力永磁,300748,11000370182,,,2026-03-27,2026
32,王畅舟,中金公司,1393.68,22.78,22.75,30.36,30.26,1,厦门钨业,600549,11000422838,240000,有色金属,2026-03-27,2026
33,陈俊云,中信证券,2270.69,22.74,24.21,-2.17,38.21,1,数据港,603881,11000258351,,,2026-03-27,2026
34,耿鹏智,广发证券,1570.98,22.48,19.2,42.24,50.53,10,中国化学,601117,11000405834,620000,建筑装饰,2026-03-27,2026
35,欧子兴,东吴证券,1693.86,22.43,23.98,20.04,86.95,1,天孚通信,300394,11000307932,730000,通信,2026-03-27,2026
36,汤悦,华福证券,1436.44,22.39,20.43,23.01,43.64,2,物产环能,603071,11000443262,,,2026-03-27,2026
37,陶波,中银证券,2211.25,22.01,22.4,33.3,66.69,4,安泰科技,000969,11000331131,630000,电力设备,2026-03-27,2026
38,邓伟,华福证券,1951.18,21.68,18.51,21.58,91.35,1,金固股份,002488,11000304635,630000,电力设备,2026-03-27,2026
39,王亚琪,上海证券,1832.83,21.44,20.7,45.63,51.03,7,苏试试验,300416,11000373733,420000,交通运输,2026-03-27,2026
40,王子璕,诚通证券,1264.51,21.4,18.95,23.3,40.08,0,德业股份,605117,11000270531,,,2026-03-27,2026
41,戴永波,华福证券,1047.95,21.33,22.52,13.21,4.8,0,腾亚精工,301125,11000501232,,,2026-03-27,2026
42,翟一梦,中邮证券,1200.11,21.17,19.65,20.01,20.01,5,金海通,603061,11000469936,,,2026-03-27,2026
43,沈涛,广发证券,3303.99,21.11,22.41,20.39,32.14,5,宝丰能源,600989,11000176262,740000,煤炭,2026-03-27,2026
44,张宁,国联民生,4959.68,20.94,15.94,32.16,121.59,6,德科立,688205,11000455635,730000,通信,2026-03-27,2026
45,马金龙,华创证券,4982.37,20.86,20.82,52.27,86.97,0,藏格矿业,000408,11000257460,240000,有色金属,2026-03-27,2026
46,张晶磊,东海证券,1479.85,20.82,21.59,22.72,47.98,0,广信股份,603599,11000479131,,,2026-03-27,2026
47,罗琨,国海证券,2794.11,20.65,27.46,23.07,87.1,0,国博电子,688375,11000256844,270000,电子,2026-03-27,2026
48,魏凯,长江证券,1656.04,20.51,21.66,31.62,39.39,30,首华燃气,300483,11000336333,750000,石油石化,2026-03-27,2026
49,殷中枢,光大证券,1303.75,20.49,18.94,22.68,41.34,6,华能国际,600011,11000269133,630000,电力设备,2026-03-27,2026
50,陶贻功,中国银河,2065.16,20.45,18.92,24.11,40.51,20,中国广核,003816,11000178841,410000,公用事业,2026-03-27,2026
51,许正堃,东莞证券,1685.03,20.4,21.3,46.48,82.1,1,赤峰黄金,600988,11000412134,240000,有色金属,2026-03-27,2026
52,彭棋,华龙证券,2654.57,20.21,20.1,30.03,128.64,0,三花智控,002050,11000378545,610000,建筑材料,2026-03-27,2026
53,唐玉青,国金证券,1113.14,20.08,18.56,11.31,11.31,1,三生国健,688336,11000445346,,,2026-03-27,2026
54,陈昕,广发证券,1197.5,19.75,19.75,19.75,19.75,3,宁德时代,300750,11000413636,,,2026-03-27,2026
55,刘晓旭,国联民生,1277.23,19.74,19.48,24.42,37.53,1,奥特维,688516,11000399545,640000,机械设备,2026-03-27,2026
56,臧天律,华鑫证券,987.84,19.74,20.33,-6.55,19.68,2,良信股份,002706,11000369732,,,2026-03-27,2026
57,查浩,华源证券,1566.45,19.47,16.66,23.68,39.19,28,嘉泽新能,601619,11000258364,410000,公用事业,2026-03-27,2026
58,袁理,东吴证券,466.21,19.13,16.23,27.2,34.65,28,景津装备,603279,11000181017,760000,环保,2026-03-27,2026
59,陈宇哲,甬兴证券,1477.29,19.1,19.92,35.1,149.05,0,中富电路,300814,11000252227,270000,电子,2026-03-27,2026
60,李景星,金元证券,1230.68,18.42,19.11,23.07,23.07,1,富临运业,002357,11000490741,,,2026-03-27,2026
61,吴晋恺,国金证券,1183.49,18.35,18.35,18.35,18.35,1,国城矿业,000688,11000528245,,,2026-03-27,2026
62,贺朝晖,华金证券,2648.49,18.28,15.98,22.16,45.47,16,璞泰来,603659,11000271839,630000,电力设备,2026-03-27,2026
63,李春驰,信达证券,1306.72,18.27,12.97,22.63,19.62,8,新奥股份,600803,11000270134,,,2026-03-27,2026
64,赵飞,甬兴证券,1292.73,18.26,15.67,13.69,36.29,4,润禾材料,300727,11000398947,,,2026-03-27,2026
65,赵宇鹏,中泰证券,1182.26,18.23,18.23,18.23,18.23,1,钧达股份,002865,11000346036,,,2026-03-27,2026
66,张津铭,国盛证券有限责任公司,2559.31,18.22,15.37,20.38,34.39,27,西子洁能,002534,11000288639,740000,煤炭,2026-03-27,2026
67,高升,信达证券,1230.44,18.14,17.52,17.14,23.04,12,天地科技,600582,11000480471,,,2026-03-27,2026
68,刘兴文,东莞证券,1541.6,18.11,17.13,31.3,92.43,0,泰胜风能,300129,11000358033,630000,电力设备,2026-03-27,2026
69,吕卓阳,华鑫证券,2268.33,18.08,17.15,25.66,77.3,5,德科立,688205,11000330031,640000,机械设备,2026-03-27,2026
70,邬博华,长江证券,5881.09,18.01,16.37,23.76,60.55,80,钧达股份,002865,11000217637,630000,电力设备,2026-03-27,2026
71,钟欣材,太平洋,1191.8,17.7,14.63,24.5,19.18,3,隆基绿能,601012,11000445232,,,2026-03-27,2026
72,陈宁玉,中泰证券,2486.12,17.58,19.29,27.94,82.49,9,广和通,300638,11000253884,730000,通信,2026-03-27,2026
73,陈晨,国海证券,4112.69,17.56,18.55,35.16,43.67,16,宏桥控股,002379,11000250948,740000,煤炭,2026-03-27,2026
74,黄杰,中信证券,1194.24,17.54,16.05,23.15,34.92,5,兖矿能源,600188,11000481934,740000,煤炭,2026-03-27,2026
75,黄玺,华安证券,3015.67,17.52,21.05,67.65,154.47,0,中国铝业,601600,11000446858,240000,有色金属,2026-03-27,2026
76,周泰,国联民生,1747.21,17.48,18.23,19.15,22.89,28,中国海油,600938,11000178195,740000,煤炭,2026-03-27,2026
77,徐中良,中银证券,1164.26,17.33,20.51,30.11,16.43,2,卫星化学,002648,11000414231,,,2026-03-27,2026
78,宇之光,国元证券,7042.19,17.28,15.94,34.18,485.38,10,盛科通信,688702,11000470931,730000,通信,2026-03-27,2026
79,金宁,方正证券,3413.44,17.09,13.56,19.88,24.51,22,桂冠电力,600236,11000284133,,,2026-03-27,2026
80,刘钢贤,中金公司,2501.9,17.06,16.4,18.0,25.23,7,中远海控,601919,11000258354,420000,交通运输,2026-03-27,2026
81,王子路,中国银河,1204.98,16.94,18.7,18.44,20.5,0,时代电气,688187,11000331537,,,2026-03-27,2026
82,黄秀瑜,东莞证券,3630.64,16.86,13.48,5.42,57.64,2,宁德时代,300750,11000177349,630000,电力设备,2026-03-27,2026
83,王攀,湘财证券,2831.62,16.72,16.2,16.15,5.33,2,金力永磁,300748,11000175582,,,2026-03-27,2026
84,倪吉,东方证券,1372.16,16.57,16.92,17.46,25.92,5,中国石化,600028,11000270535,220000,基础化工,2026-03-27,2026
85,胡博,山西证券,1616.01,16.52,15.45,20.4,30.09,5,兖矿能源,600188,11000285134,410000,公用事业,2026-03-27,2026
86,刘子栋,申万宏源,1516.88,16.51,21.0,33.16,38.23,8,海油工程,600583,11000310732,750000,石油石化,2026-03-27,2026
87,李想,中信证券,1064.19,16.42,14.09,20.07,32.52,18,华能国际,600011,11000246335,410000,公用事业,2026-03-27,2026
88,薛宏伟,东方证券,1610.27,16.38,16.29,16.75,61.03,17,北方华创,002371,11000483335,,,2026-03-27,2026
89,宝幼琛,华鑫证券,2086.58,16.31,25.44,13.08,53.13,0,能科科技,603859,11000191822,710000,计算机,2026-03-27,2026
90,吴威辰,中信证券,2152.27,16.21,12.5,12.49,57.35,18,富祥药业,300497,11000369887,630000,电力设备,2026-03-27,2026
91,聂政,东北证券,1461.79,16.15,14.24,34.37,47.62,0,山东黄金,600547,11000338137,,,2026-03-27,2026
92,李国盛,申万宏源,3609.91,16.1,18.13,22.62,113.45,5,仕佳光子,688313,11000332332,730000,通信,2026-03-27,2026
93,姚遥,国金证券,10243.29,16.06,14.99,19.07,44.02,55,福莱特,601865,11000176275,630000,电力设备,2026-03-27,2026
94,杨帅波,中邮证券,1662.95,16.03,14.83,19.54,37.99,13,许继电气,000400,11000443765,630000,电力设备,2026-03-27,2026
95,季枫,中金公司,901.69,16.01,14.02,17.91,47.28,5,恩捷股份,002812,11000391533,630000,电力设备,2026-03-27,2026
96,文昊,交银国际证券,2337.91,15.84,12.78,37.03,105.84,3,爱旭股份,600732,11000442345,630000,电力设备,2026-03-27,2026
97,侯河清,东兴证券,1629.34,15.64,12.64,16.67,31.82,0,煜邦电力,688597,11000408433,630000,电力设备,2026-03-27,2026
98,朱尊,中金公司,1178.45,15.44,13.94,12.78,18.24,4,正泰电器,601877,11000391332,630000,电力设备,2026-03-27,2026
99,刘红光,信达证券,1381.99,15.42,19.66,35.26,38.2,11,中海油服,601808,11000505231,,,2026-03-27,2026
100,曲昊源,中金公司,1482.7,15.42,13.36,25.68,35.38,10,四方股份,601126,11000392631,630000,电力设备,2026-03-27,2026
